manufacturer,model,year,producing_country
motiur,rahman,1195, USA
rrr,ahmed,1195, USA
jhon,ahmedasdassad,1195, USA
rd,ahmed,1195, USA
jhadsasdasdason,ahmed,1195, USA
jhon,ahmed,1195, USA
jhonsdsa,ahmed,1195, USA
jhon,ahmed,1195, USA
jhon,ahmed,1195, USA
jhon,ahmed,1195, USA
dsadasd,ahmed,1195, USA
jhon,ahmed,1195, USA
jhon,ahmed,1195, USA
asdasd,ahmed,1195, USA
jhon,ahmed,1195, USA
ddsfds,ahmed,1195, USA
sadasd,ahmed,1195, USA
jhon,ahmed,1195, USA
jhon,ahmed,1195, USA
jhon,ahmed,1195, USA
gdf,ahmed,1195, USA
jhon,ahmed,1195, USA
jhon,ahmed,1195, USA
jhon,ahmed,1195, USA
jhon,ahmed,1195, USA
dv,ahmed,1195, USA
jhon,ahmed,1195, USA
d,ahmed,1195, USA
jhonvc,ahmed,1195, USA
jhon,ahmed,1195, USA
sadasd,ahmed,1195, USA
jhon,ahmed,1195, USA
jhon,ahmed,1195, USA
jhon,ahmed,1195, USA
jhon,ahmed,1195, USA
jhon,ahmed,1195, USA
jhon,ahmasdasddsed,1195, USA
jhon,ahmed,1195, USA
jhon,ahmed,1195, USA
asdassad,ahmed,1195, USA
jhon,ahmed,1195, USA
jhon,ahmed,1195, USA
jhon,ahmed,1195, USA
jhon,ahmeasasdsadd,1195, USA
jhon,ahmed,1195, USA
jhon,ahmed,1195, USA
jhon,ahmed,1195, USA
jhon,ahmed,1195, USA
jhon,ahmed,1195, USA
jhon,ahmed,1195, USA
jhon,ahmed,1195, USA
jhon,ahmed,1195, USA
jhon,ahmed,1195, USA
jhon,ahmed,1195, USA
jhon,ahmed,1195, USA
jhon,ahmed,1195, USA
jhon,ahmed,1195, USA
jhon,ahmed,1195, USA
jhon,ahmed,1195, USA
jhon,ahmed,1195, USA
jhon,ahmed,1195, USA
jhon,ahmed,1195, USA
jhon,ahmed,1195, USA
jhon,ahmed,1195, USA
jhon,ahmed,1195, USA
jhon,ahmed,1195, USA
jhon,ahmed,1195, USA
jhon,ahmed,1195, USA
jhon,ahmed,1195, USA
jhondfgdfgdf,ahmed,1195, USA
jhon,ahmed,1195, USA
dfgdffgjhon,ahmed,1195, USA
jhon,ahmed,1195, USA
jhon,ahdgdfgdfgmed,1195, USA
jhon,ahmed,1195, USA
jhon,ahmed,1195, USA
jhondfgdfg,ahmed,1195, USA
jhon,ahmed,1195, USA
jhon,ahmed,1195, USA
jhon,ahmed,1195, USA
jhon,ahmed,1195, USA
jhon,ahmed,1195, USA
jhon,ahmed,1195, USA
jhon,ahmed,1195, USA
jhon,ahmed,1195, USA
jhon,ahmed,1195, USA
jhon,ahmed,1195, USA
jhon,ahmed,1195, USA
jhon,ahmed,1195, USA
jhon,ahmed,1195, USA
jhon,ahmed,1195, USA
jhon,ahmdfgdfgdfged,1195, USA
werewerd,ahmedasdasdsd,1195, USA
jhon,ahmed,1195, USA
jhon,ahmdfgdfgfed,1195, USA
dasdasdsad,ahmed,1195, USA
jhon,ahmed,1195, USA
jhon,ahasdasdsmed,1195, USA
jhonasdsada,ahmed,1195, USA
jhon,ahmed,1195, USA
asdsadsasa,asdas,1195, USAsadasdsd
